row_no	source	ama_id	ama_path	ama_l1	ama_l2	ama_l3	ama_l4	wow_id	wow_path	wow_l1	wow_l2	score	judgment	correct_wow_path	notes
1	review	3395231	Sports & Outdoors/Hunting & Fishing/Shooting/Airsoft Guns & Accessories/Airsoft Protective Gear/Chest Protectors	Sports & Outdoors	Hunting & Fishing	Shooting	Airsoft Guns & Accessories	40530403	スポーツ・アウトドア/陸上・トラック競技/陸上競技用品/アクセサリー・その他	スポーツ・アウトドア	陸上・トラック競技	0.400			
2	review	3396121	Sports & Outdoors/Sports/Team Sports/Baseball/Training Equipment/Fungo & Training Bats	Sports & Outdoors	Sports	Team Sports	Baseball	40520501	スポーツ・アウトドア/野球/プロテクター・ヘルメット/その他プロテクター・ヘルメット	スポーツ・アウトドア	野球	0.443			
3	review	3396221	Sports & Outdoors/Sports/Team Sports/Baseball/Baseball Mitts/Catcher's Mitts	Sports & Outdoors	Sports	Team Sports	Baseball	40520501	スポーツ・アウトドア/野球/プロテクター・ヘルメット/その他プロテクター・ヘルメット	スポーツ・アウトドア	野球	0.490			
4	review	3396231	Sports & Outdoors/Sports/Team Sports/Baseball/Baseball Mitts/First Baseman's Mitts	Sports & Outdoors	Sports	Team Sports	Baseball	40520501	スポーツ・アウトドア/野球/プロテクター・ヘルメット/その他プロテクター・ヘルメット	スポーツ・アウトドア	野球	0.470			
5	review	3396241	Sports & Outdoors/Sports/Team Sports/Baseball/Baseball Mitts/Infielder's Mitts	Sports & Outdoors	Sports	Team Sports	Baseball	40520501	スポーツ・アウトドア/野球/プロテクター・ヘルメット/その他プロテクター・ヘルメット	スポーツ・アウトドア	野球	0.483			
6	review	3396311	Sports & Outdoors/Sports/Team Sports/Baseball/Baseball Mitts/Outfielder's Mitts	Sports & Outdoors	Sports	Team Sports	Baseball	40520501	スポーツ・アウトドア/野球/プロテクター・ヘルメット/その他プロテクター・ヘルメット	スポーツ・アウトドア	野球	0.479			
7	review	3396471	Sports & Outdoors/Sports/Team Sports/Baseball/Training Equipment/Practice Nets	Sports & Outdoors	Sports	Team Sports	Baseball	40520501	スポーツ・アウトドア/野球/プロテクター・ヘルメット/その他プロテクター・ヘルメット	スポーツ・アウトドア	野球	0.458			
8	review	3396551	Sports & Outdoors/Sports/Team Sports/Basketball/Court Equipment/Backboard Components	Sports & Outdoors	Sports	Team Sports	Basketball	40520501	スポーツ・アウトドア/野球/プロテクター・ヘルメット/その他プロテクター・ヘルメット	スポーツ・アウトドア	野球	0.464			
9	review	3396641	Sports & Outdoors/Sports/Team Sports/Basketball/Court Equipment/Backboard Components/Pole Pads	Sports & Outdoors	Sports	Team Sports	Basketball	40520501	スポーツ・アウトドア/野球/プロテクター・ヘルメット/その他プロテクター・ヘルメット	スポーツ・アウトドア	野球	0.417			
10	review	3396651	Sports & Outdoors/Sports/Team Sports/Basketball/Court Equipment/Scoreboards & Timers	Sports & Outdoors	Sports	Team Sports	Basketball	40520501	スポーツ・アウトドア/野球/プロテクター・ヘルメット/その他プロテクター・ヘルメット	スポーツ・アウトドア	野球	0.456			
11	review	3396951	Sports & Outdoors/Sports/Team Sports/Basketball/Court Equipment/Backboard Components/Nets	Sports & Outdoors	Sports	Team Sports	Basketball	40520501	スポーツ・アウトドア/野球/プロテクター・ヘルメット/その他プロテクター・ヘルメット	スポーツ・アウトドア	野球	0.430			
12	review	3397001	Sports & Outdoors/Sports/Team Sports/Basketball/Court Equipment/Backboard Components/Rims	Sports & Outdoors	Sports	Team Sports	Basketball	40520501	スポーツ・アウトドア/野球/プロテクター・ヘルメット/その他プロテクター・ヘルメット	スポーツ・アウトドア	野球	0.418			
13	review	3398941	Sports & Outdoors/Sports/Boating & Sailing/Boating/Maintenance Supplies/Painting Supplies	Sports & Outdoors	Sports	Boating & Sailing	Boating	40200901	スポーツ・アウトドア/サッカー・フットサル/サッカー用品/その他サッカー用品	スポーツ・アウトドア	サッカー・フットサル	0.484			
14	review	3399261	Sports & Outdoors/Sports/Boating & Sailing/Sailing/Rigging/Cordage	Sports & Outdoors	Sports	Boating & Sailing	Sailing	40341101	スポーツ・アウトドア/フィッシング/収納ケース・バッグ/その他収納ケース・バッグ	スポーツ・アウトドア	フィッシング	0.446			
15	review	3400271	Sports & Outdoors/Sports/Other Sports/Boxing/Punching Bags	Sports & Outdoors	Sports	Other Sports	Boxing	40200501	スポーツ・アウトドア/サッカー・フットサル/サッカーバッグ/その他サッカーバッグ	スポーツ・アウトドア	サッカー・フットサル	0.468			
16	review	3400281	Sports & Outdoors/Sports/Other Sports/Boxing/Punching Bags/Double-End Bags	Sports & Outdoors	Sports	Other Sports	Boxing	40341101	スポーツ・アウトドア/フィッシング/収納ケース・バッグ/その他収納ケース・バッグ	スポーツ・アウトドア	フィッシング	0.481			
17	review	3400291	Sports & Outdoors/Sports/Other Sports/Boxing/Punching Bags/Heavy Bags	Sports & Outdoors	Sports	Other Sports	Boxing	40341101	スポーツ・アウトドア/フィッシング/収納ケース・バッグ/その他収納ケース・バッグ	スポーツ・アウトドア	フィッシング	0.484			
18	review	3400341	Sports & Outdoors/Sports/Other Sports/Boxing/Punching Bags/Speed Bags	Sports & Outdoors	Sports	Other Sports	Boxing	40341101	スポーツ・アウトドア/フィッシング/収納ケース・バッグ/その他収納ケース・バッグ	スポーツ・アウトドア	フィッシング	0.484			
19	review	3415551	Sports & Outdoors/Hunting & Fishing/Shooting/Paintball/Equipment Bags	Sports & Outdoors	Hunting & Fishing	Shooting	Paintball	40341101	スポーツ・アウトドア/フィッシング/収納ケース・バッグ/その他収納ケース・バッグ	スポーツ・アウトドア	フィッシング	0.496			
20	review	3419451	Sports & Outdoors/Sports/Leisure Sports & Game Room/Table Tennis/Rackets	Sports & Outdoors	Sports	Leisure Sports & Game Room	Table Tennis	40271401	スポーツ・アウトドア/テニス/ラケット/その他ラケット	スポーツ・アウトドア	テニス	0.441			
21	review	3419511	Sports & Outdoors/Sports/Team Sports/Tennis & Racquet Sports/Tennis	Sports & Outdoors	Sports	Team Sports	Tennis & Racquet Sports	40271401	スポーツ・アウトドア/テニス/ラケット/その他ラケット	スポーツ・アウトドア	テニス	0.513			
22	review	3419561	Sports & Outdoors/Sports/Team Sports/Tennis & Racquet Sports/Badminton/Nets	Sports & Outdoors	Sports	Team Sports	Tennis & Racquet Sports	40271401	スポーツ・アウトドア/テニス/ラケット/その他ラケット	スポーツ・アウトドア	テニス	0.472			
23	review	3419581	Sports & Outdoors/Sports/Team Sports/Tennis & Racquet Sports/Badminton/Complete Sets	Sports & Outdoors	Sports	Team Sports	Tennis & Racquet Sports	40271401	スポーツ・アウトドア/テニス/ラケット/その他ラケット	スポーツ・アウトドア	テニス	0.439			
24	review	3419591	Sports & Outdoors/Sports/Team Sports/Tennis & Racquet Sports/Badminton/Shuttlecocks	Sports & Outdoors	Sports	Team Sports	Tennis & Racquet Sports	40271401	スポーツ・アウトドア/テニス/ラケット/その他ラケット	スポーツ・アウトドア	テニス	0.443			
25	review	3419611	Sports & Outdoors/Sports/Team Sports/Tennis & Racquet Sports/Racquetball/Footwear	Sports & Outdoors	Sports	Team Sports	Tennis & Racquet Sports	40271401	スポーツ・アウトドア/テニス/ラケット/その他ラケット	スポーツ・アウトドア	テニス	0.476			
26	review	3419691	Sports & Outdoors/Sports/Team Sports/Tennis & Racquet Sports/Racquetball/Racquet Grips	Sports & Outdoors	Sports	Team Sports	Tennis & Racquet Sports	40271401	スポーツ・アウトドア/テニス/ラケット/その他ラケット	スポーツ・アウトドア	テニス	0.448			
27	review	3419751	Sports & Outdoors/Sports/Team Sports/Tennis & Racquet Sports/Racquetball/Racquets	Sports & Outdoors	Sports	Team Sports	Tennis & Racquet Sports	40271401	スポーツ・アウトドア/テニス/ラケット/その他ラケット	スポーツ・アウトドア	テニス	0.465			
28	review	3419761	Sports & Outdoors/Sports/Team Sports/Tennis & Racquet Sports/Racquetball/Racquetballs	Sports & Outdoors	Sports	Team Sports	Tennis & Racquet Sports	40271401	スポーツ・アウトドア/テニス/ラケット/その他ラケット	スポーツ・アウトドア	テニス	0.451			
29	review	3419791	Sports & Outdoors/Sports/Team Sports/Tennis & Racquet Sports/Handball/Goggles	Sports & Outdoors	Sports	Team Sports	Tennis & Racquet Sports	40271401	スポーツ・アウトドア/テニス/ラケット/その他ラケット	スポーツ・アウトドア	テニス	0.464			
30	review	3419831	Sports & Outdoors/Sports/Team Sports/Tennis & Racquet Sports/Squash/Racket Grips	Sports & Outdoors	Sports	Team Sports	Tennis & Racquet Sports	40271401	スポーツ・アウトドア/テニス/ラケット/その他ラケット	スポーツ・アウトドア	テニス	0.453			
31	review	3419901	Sports & Outdoors/Sports/Team Sports/Tennis & Racquet Sports/Squash/Balls	Sports & Outdoors	Sports	Team Sports	Tennis & Racquet Sports	40271401	スポーツ・アウトドア/テニス/ラケット/その他ラケット	スポーツ・アウトドア	テニス	0.479			
32	review	3419911	Sports & Outdoors/Sports/Team Sports/Tennis & Racquet Sports/Squash/Racquets	Sports & Outdoors	Sports	Team Sports	Tennis & Racquet Sports	40271401	スポーツ・アウトドア/テニス/ラケット/その他ラケット	スポーツ・アウトドア	テニス	0.452			
33	review	3528161	Sports & Outdoors/Sports/Team Sports/Tennis & Racquet Sports/Racquetball	Sports & Outdoors	Sports	Team Sports	Tennis & Racquet Sports	40271401	スポーツ・アウトドア/テニス/ラケット/その他ラケット	スポーツ・アウトドア	テニス	0.458			
34	review	3528171	Sports & Outdoors/Sports/Team Sports/Tennis & Racquet Sports/Badminton	Sports & Outdoors	Sports	Team Sports	Tennis & Racquet Sports	40271401	スポーツ・アウトドア/テニス/ラケット/その他ラケット	スポーツ・アウトドア	テニス	0.500			
35	review	3764491	Health & Household/Vitamins, Minerals & Supplements/Herbal Supplements/Aloe Vera	Health & Household	Vitamins, Minerals & Supplements	Herbal Supplements	Aloe Vera	42020201	ダイエット・健康/サプリメント/スポーツ/その他スポーツ	ダイエット・健康	サプリメント	0.455			
36	review	3764701	Health & Household/Vitamins, Minerals & Supplements/Herbal Supplements/Fruit Extracts/Bilberry	Health & Household	Vitamins, Minerals & Supplements	Herbal Supplements	Fruit Extracts	42020201	ダイエット・健康/サプリメント/スポーツ/その他スポーツ	ダイエット・健康	サプリメント	0.403			
37	review	3764761	Health & Household/Vitamins, Minerals & Supplements/Herbal Supplements/Black Cohosh	Health & Household	Vitamins, Minerals & Supplements	Herbal Supplements	Black Cohosh	42020201	ダイエット・健康/サプリメント/スポーツ/その他スポーツ	ダイエット・健康	サプリメント	0.444			
38	review	3765381	Health & Household/Vitamins, Minerals & Supplements/Herbal Supplements/Fruit Extracts/Cranberry	Health & Household	Vitamins, Minerals & Supplements	Herbal Supplements	Fruit Extracts	42020201	ダイエット・健康/サプリメント/スポーツ/その他スポーツ	ダイエット・健康	サプリメント	0.400			
39	review	3765481	Health & Household/Vitamins, Minerals & Supplements/Herbal Supplements/Dong Quai	Health & Household	Vitamins, Minerals & Supplements	Herbal Supplements	Dong Quai	42020201	ダイエット・健康/サプリメント/スポーツ/その他スポーツ	ダイエット・健康	サプリメント	0.455			
40	review	3765551	Health & Household/Vitamins, Minerals & Supplements/Herbal Supplements/Evening Primrose	Health & Household	Vitamins, Minerals & Supplements	Herbal Supplements	Evening Primrose	42020201	ダイエット・健康/サプリメント/スポーツ/その他スポーツ	ダイエット・健康	サプリメント	0.431			
41	review	3765701	Health & Household/Vitamins, Minerals & Supplements/Herbal Supplements/Ginkgo Biloba	Health & Household	Vitamins, Minerals & Supplements	Herbal Supplements	Ginkgo Biloba	42020201	ダイエット・健康/サプリメント/スポーツ/その他スポーツ	ダイエット・健康	サプリメント	0.441			
42	review	3765851	Health & Household/Vitamins, Minerals & Supplements/Herbal Supplements/Green Tea	Health & Household	Vitamins, Minerals & Supplements	Herbal Supplements	Green Tea	42020201	ダイエット・健康/サプリメント/スポーツ/その他スポーツ	ダイエット・健康	サプリメント	0.455			
43	review	3765951	Health & Household/Vitamins, Minerals & Supplements/Herbal Supplements/Horny Goat Weed	Health & Household	Vitamins, Minerals & Supplements	Herbal Supplements	Horny Goat Weed	42020201	ダイエット・健康/サプリメント/スポーツ/その他スポーツ	ダイエット・健康	サプリメント	0.434			
44	review	3766101	Health & Household/Vitamins, Minerals & Supplements/Herbal Supplements/Kava Kava	Health & Household	Vitamins, Minerals & Supplements	Herbal Supplements	Kava Kava	42020201	ダイエット・健康/サプリメント/スポーツ/その他スポーツ	ダイエット・健康	サプリメント	0.455			
45	review	3766181	Health & Household/Vitamins, Minerals & Supplements/Herbal Supplements/Licorice Root	Health & Household	Vitamins, Minerals & Supplements	Herbal Supplements	Licorice Root	42020201	ダイエット・健康/サプリメント/スポーツ/その他スポーツ	ダイエット・健康	サプリメント	0.441			
46	review	3766261	Health & Household/Vitamins, Minerals & Supplements/Herbal Supplements/Muira Puama	Health & Household	Vitamins, Minerals & Supplements	Herbal Supplements	Muira Puama	42020201	ダイエット・健康/サプリメント/スポーツ/その他スポーツ	ダイエット・健康	サプリメント	0.448			
47	review	3766301	Health & Household/Vitamins, Minerals & Supplements/Herbal Supplements/Milk Thistle	Health & Household	Vitamins, Minerals & Supplements	Herbal Supplements	Milk Thistle	42020201	ダイエット・健康/サプリメント/スポーツ/その他スポーツ	ダイエット・健康	サプリメント	0.444			
48	review	3766541	Health & Household/Vitamins, Minerals & Supplements/Herbal Supplements/Olive Leaf	Health & Household	Vitamins, Minerals & Supplements	Herbal Supplements	Olive Leaf	42020201	ダイエット・健康/サプリメント/スポーツ/その他スポーツ	ダイエット・健康	サプリメント	0.452			
49	review	3766821	Health & Household/Vitamins, Minerals & Supplements/Herbal Supplements/Red Yeast Rice	Health & Household	Vitamins, Minerals & Supplements	Herbal Supplements	Red Yeast Rice	42020201	ダイエット・健康/サプリメント/スポーツ/その他スポーツ	ダイエット・健康	サプリメント	0.438			
50	review	3766921	Health & Household/Vitamins, Minerals & Supplements/Herbal Supplements/Saw Palmetto	Health & Household	Vitamins, Minerals & Supplements	Herbal Supplements	Saw Palmetto	42020201	ダイエット・健康/サプリメント/スポーツ/その他スポーツ	ダイエット・健康	サプリメント	0.444			
51	review	3767061	Health & Household/Vitamins, Minerals & Supplements/Herbal Supplements/St. John's Wort	Health & Household	Vitamins, Minerals & Supplements	Herbal Supplements	St. John's Wort	42020201	ダイエット・健康/サプリメント/スポーツ/その他スポーツ	ダイエット・健康	サプリメント	0.438			
52	review	3773561	Health & Household/Vitamins, Minerals & Supplements/Antioxidants/Polyphenol/Flavonoids	Health & Household	Vitamins, Minerals & Supplements	Antioxidants	Polyphenol	42020201	ダイエット・健康/サプリメント/スポーツ/その他スポーツ	ダイエット・健康	サプリメント	0.412			
53	review	3773841	Health & Household/Vitamins, Minerals & Supplements/Essential Fatty Acids/Linseed Oil	Health & Household	Vitamins, Minerals & Supplements	Essential Fatty Acids	Linseed Oil	42020201	ダイエット・健康/サプリメント/スポーツ/その他スポーツ	ダイエット・健康	サプリメント	0.438			
54	review	3774531	Health & Household/Vitamins, Minerals & Supplements/Antioxidants/Alpha Lipoic Acid	Health & Household	Vitamins, Minerals & Supplements	Antioxidants	Alpha Lipoic Acid	42020201	ダイエット・健康/サプリメント/スポーツ/その他スポーツ	ダイエット・健康	サプリメント	0.432			
55	review	3777261	Health & Household/Medical Supplies & Equipment/Home Tests/Drug Tests/Alcohol Tests	Health & Household	Medical Supplies & Equipment	Home Tests	Drug Tests	42020201	ダイエット・健康/サプリメント/スポーツ/その他スポーツ	ダイエット・健康	サプリメント	0.434			
56	review	3777271	Health & Household/Medical Supplies & Equipment/Home Tests/Drug Tests/Cocaine Tests	Health & Household	Medical Supplies & Equipment	Home Tests	Drug Tests	42020201	ダイエット・健康/サプリメント/スポーツ/その他スポーツ	ダイエット・健康	サプリメント	0.434			
57	review	3777281	Health & Household/Medical Supplies & Equipment/Home Tests/Drug Tests/Ecstasy Tests	Health & Household	Medical Supplies & Equipment	Home Tests	Drug Tests	42020201	ダイエット・健康/サプリメント/スポーツ/その他スポーツ	ダイエット・健康	サプリメント	0.434			
58	review	3777291	Health & Household/Medical Supplies & Equipment/Home Tests/Drug Tests/Marijuana Tests	Health & Household	Medical Supplies & Equipment	Home Tests	Drug Tests	42020201	ダイエット・健康/サプリメント/スポーツ/その他スポーツ	ダイエット・健康	サプリメント	0.427			
59	review	3777301	Health & Household/Medical Supplies & Equipment/Home Tests/Drug Tests/Multidrug Tests	Health & Household	Medical Supplies & Equipment	Home Tests	Drug Tests	42020201	ダイエット・健康/サプリメント/スポーツ/その他スポーツ	ダイエット・健康	サプリメント	0.427			
60	review	3777801	Health & Household/Sexual Wellness/Adult Toys & Games/Sex Games	Health & Household	Sexual Wellness	Adult Toys & Games	Sex Games	42020201	ダイエット・健康/サプリメント/スポーツ/その他スポーツ	ダイエット・健康	サプリメント	0.423			
61	review	3777811	Health & Household/Sexual Wellness/Adult Toys & Games/Sex Toys	Health & Household	Sexual Wellness	Adult Toys & Games	Sex Toys	42020201	ダイエット・健康/サプリメント/スポーツ/その他スポーツ	ダイエット・健康	サプリメント	0.427			
62	review	10728501	Health & Household/Vitamins, Minerals & Supplements/Essential Fatty Acids/Fish Oil	Health & Household	Vitamins, Minerals & Supplements	Essential Fatty Acids	Fish Oil	42020201	ダイエット・健康/サプリメント/スポーツ/その他スポーツ	ダイエット・健康	サプリメント	0.448			
63	review	10728601	Health & Household/Vitamins, Minerals & Supplements/Essential Fatty Acids/Omega Oils/Omega-3	Health & Household	Vitamins, Minerals & Supplements	Essential Fatty Acids	Omega Oils	42020201	ダイエット・健康/サプリメント/スポーツ/その他スポーツ	ダイエット・健康	サプリメント	0.409			
64	review	13280811	Sports & Outdoors/Sports/Team Sports/Tennis & Racquet Sports/Squash	Sports & Outdoors	Sports	Team Sports	Tennis & Racquet Sports	40271401	スポーツ・アウトドア/テニス/ラケット/その他ラケット	スポーツ・アウトドア	テニス	0.513			
65	review	13280871	Sports & Outdoors/Sports/Team Sports/Tennis & Racquet Sports/Squash/Equipment Bags	Sports & Outdoors	Sports	Team Sports	Tennis & Racquet Sports	40271401	スポーツ・アウトドア/テニス/ラケット/その他ラケット	スポーツ・アウトドア	テニス	0.450			
66	review	13287801	Sports & Outdoors/Sports/Team Sports/Tennis & Racquet Sports/Paddle Tennis	Sports & Outdoors	Sports	Team Sports	Tennis & Racquet Sports	40271401	スポーツ・アウトドア/テニス/ラケット/その他ラケット	スポーツ・アウトドア	テニス	0.483			
67	review	13287871	Sports & Outdoors/Sports/Team Sports/Tennis & Racquet Sports/Paddleball	Sports & Outdoors	Sports	Team Sports	Tennis & Racquet Sports	40271401	スポーツ・アウトドア/テニス/ラケット/その他ラケット	スポーツ・アウトドア	テニス	0.496			
68	review	13291051	Sports & Outdoors/Exercise & Fitness/Pilates/Spine Supporters	Sports & Outdoors	Exercise & Fitness	Pilates	Spine Supporters	40200901	スポーツ・アウトドア/サッカー・フットサル/サッカー用品/その他サッカー用品	スポーツ・アウトドア	サッカー・フットサル	0.529			
69	review	14335791	Sports & Outdoors/Sports/Team Sports/Tennis & Racquet Sports/Handball	Sports & Outdoors	Sports	Team Sports	Tennis & Racquet Sports	40271401	スポーツ・アウトドア/テニス/ラケット/その他ラケット	スポーツ・アウトドア	テニス	0.504			
70	review	15342861	Health & Household/Household Supplies/Household Cleaning/Floor Cleaners	Health & Household	Household Supplies	Household Cleaning	Floor Cleaners	42020201	ダイエット・健康/サプリメント/スポーツ/その他スポーツ	ダイエット・健康	サプリメント	0.410			
71	review	15347371	Health & Household/Household Supplies/Household Cleaning/Bathroom Cleaners	Health & Household	Household Supplies	Household Cleaning	Bathroom Cleaners	42020201	ダイエット・健康/サプリメント/スポーツ/その他スポーツ	ダイエット・健康	サプリメント	0.400			
72	review	15347401	Health & Household/Household Supplies/Household Cleaning/Paper Towels	Health & Household	Household Supplies	Household Cleaning	Paper Towels	42020201	ダイエット・健康/サプリメント/スポーツ/その他スポーツ	ダイエット・健康	サプリメント	0.417			
73	review	15356151	Health & Household/Household Supplies/Household Cleaning/Glass Cleaners	Health & Household	Household Supplies	Household Cleaning	Glass Cleaners	42020201	ダイエット・健康/サプリメント/スポーツ/その他スポーツ	ダイエット・健康	サプリメント	0.410			
74	review	15377711	Health & Household/Household Supplies/Household Cleaning/Drain Openers	Health & Household	Household Supplies	Household Cleaning	Drain Openers	42020201	ダイエット・健康/サプリメント/スポーツ/その他スポーツ	ダイエット・健康	サプリメント	0.414			
75	review	15693661	Health & Household/Household Supplies/Household Cleaning/Kitchen Cleaners	Health & Household	Household Supplies	Household Cleaning	Kitchen Cleaners	42020201	ダイエット・健康/サプリメント/スポーツ/その他スポーツ	ダイエット・健康	サプリメント	0.403			
76	review	16317431	Grocery & Gourmet Food/Pantry Staples/Cooking & Baking/Condensed & Powdered Milk/Condensed	Grocery & Gourmet Food	Pantry Staples	Cooking & Baking	Condensed & Powdered Milk	360401	グルメ・食品/パン・ジャム・シリアル/その他パン・ジャム・シリアル	グルメ・食品	パン・ジャム・シリアル	0.497			
77	review	16317631	Grocery & Gourmet Food/Pantry Staples/Cooking & Baking/Flours & Meals/Barley Flour	Grocery & Gourmet Food	Pantry Staples	Cooking & Baking	Flours & Meals	36160410	グルメ・食品/野菜・きのこ/その他野菜/パセリ	グルメ・食品	野菜・きのこ	0.522			
78	review	16319521	Grocery & Gourmet Food/Produce/Fresh Vegetables/Onions & Shallots	Grocery & Gourmet Food	Produce	Fresh Vegetables	Onions & Shallots	36160405	グルメ・食品/野菜・きのこ/その他野菜/エシャロット	グルメ・食品	野菜・きのこ	0.661			
79	review	16320091	Grocery & Gourmet Food/Pantry Staples/Jams, Jellies & Sweet Spreads/Jams, Jellies & Preserves/Jellies	Grocery & Gourmet Food	Pantry Staples	Jams, Jellies & Sweet Spreads	Jams, Jellies & Preserves	360401	グルメ・食品/パン・ジャム・シリアル/その他パン・ジャム・シリアル	グルメ・食品	パン・ジャム・シリアル	0.522			
80	review	166037011	Toys & Games/Novelty & Gag Toys/Juggling Sets	Toys & Games	Novelty & Gag Toys	Juggling Sets		29040502	おもちゃ・趣味/その他趣味/大道芸/ジャグリング	おもちゃ・趣味	その他趣味	0.538			
81	review	166070011	Toys & Games/Arts & Crafts/Craft Kits/Paper Craft	Toys & Games	Arts & Crafts	Craft Kits	Paper Craft	291901	おもちゃ・趣味/ペーパークラフト/その他ペーパークラフト	おもちゃ・趣味	ペーパークラフト	0.483			
82	review	166453011	Toys & Games/Sports & Outdoor Play/Toy Sports	Toys & Games	Sports & Outdoor Play	Toy Sports		291401	おもちゃ・趣味/パチンコ・スロット/その他パチンコ・スロット	おもちゃ・趣味	パチンコ・スロット	0.482			
83	review	374790011	Sports & Outdoors/Fan Shop/Sports Souvenirs/Helmets/Full Sized Helmets	Sports & Outdoors	Fan Shop	Sports Souvenirs	Helmets	40520501	スポーツ・アウトドア/野球/プロテクター・ヘルメット/その他プロテクター・ヘルメット	スポーツ・アウトドア	野球	0.459			
84	review	375538011	Sports & Outdoors/Fan Shop/Sports Souvenirs/Helmets/Mini Helmets	Sports & Outdoors	Fan Shop	Sports Souvenirs	Helmets	40520501	スポーツ・アウトドア/野球/プロテクター・ヘルメット/その他プロテクター・ヘルメット	スポーツ・アウトドア	野球	0.481			
85	review	393976011	Sports & Outdoors/Sports/Team Sports/Tennis & Racquet Sports/Racquetball/Gloves	Sports & Outdoors	Sports	Team Sports	Tennis & Racquet Sports	40271401	スポーツ・アウトドア/テニス/ラケット/その他ラケット	スポーツ・アウトドア	テニス	0.472			
86	review	486410011	Musical Instruments/Amplifiers & Effects/Guitar & Bass Amplifiers & Preamps	Musical Instruments	Amplifiers & Effects	Guitar & Bass Amplifiers & Preamps		562906	楽器・音響機器/キーボード・ピアノ/その他キーボード・ピアノ	楽器・音響機器	キーボード・ピアノ	0.400			
87	review	706816011	Sports & Outdoors/Sports/Team Sports/Tennis & Racquet Sports	Sports & Outdoors	Sports	Team Sports	Tennis & Racquet Sports	40271401	スポーツ・アウトドア/テニス/ラケット/その他ラケット	スポーツ・アウトドア	テニス	0.500			
88	review	1243850011	Health & Household/Sexual Wellness/Sex Furniture/Ramps & Cushions	Health & Household	Sexual Wellness	Sex Furniture	Ramps & Cushions	42020201	ダイエット・健康/サプリメント/スポーツ/その他スポーツ	ダイエット・健康	サプリメント	0.404			
89	review	2245510011	Health & Household/Household Supplies/Cleaning Tools/Sweeping/Brooms	Health & Household	Household Supplies	Cleaning Tools	Sweeping	42020201	ダイエット・健康/サプリメント/スポーツ/その他スポーツ	ダイエット・健康	サプリメント	0.417			
90	review	2256190011	Grocery & Gourmet Food/Dairy, Eggs & Plant-Based Alternatives/Cheese Assortments & Samplers	Grocery & Gourmet Food	Dairy, Eggs & Plant-Based Alternatives	Cheese Assortments & Samplers		360401	グルメ・食品/パン・ジャム・シリアル/その他パン・ジャム・シリアル	グルメ・食品	パン・ジャム・シリアル	0.514			
91	review	2368091011	Sports & Outdoors/Sports/Team Sports/Tennis & Racquet Sports/Handball/Gloves	Sports & Outdoors	Sports	Team Sports	Tennis & Racquet Sports	40271401	スポーツ・アウトドア/テニス/ラケット/その他ラケット	スポーツ・アウトドア	テニス	0.468			
92	review	2368092011	Sports & Outdoors/Sports/Team Sports/Tennis & Racquet Sports/Handball/Handballs	Sports & Outdoors	Sports	Team Sports	Tennis & Racquet Sports	40271401	スポーツ・アウトドア/テニス/ラケット/その他ラケット	スポーツ・アウトドア	テニス	0.457			
93	review	2368115011	Sports & Outdoors/Sports/Team Sports/Tennis & Racquet Sports/Badminton/Equipment Bags	Sports & Outdoors	Sports	Team Sports	Tennis & Racquet Sports	40271401	スポーツ・アウトドア/テニス/ラケット/その他ラケット	スポーツ・アウトドア	テニス	0.439			
94	review	2403096011	Sports & Outdoors/Sports/Other Sports/Boxing/Punching Bags/Focus Bags	Sports & Outdoors	Sports	Other Sports	Boxing	40341101	スポーツ・アウトドア/フィッシング/収納ケース・バッグ/その他収納ケース・バッグ	スポーツ・アウトドア	フィッシング	0.484			
95	review	2403097011	Sports & Outdoors/Sports/Other Sports/Boxing/Punching Bags/Maize Bags	Sports & Outdoors	Sports	Other Sports	Boxing	40341101	スポーツ・アウトドア/フィッシング/収納ケース・バッグ/その他収納ケース・バッグ	スポーツ・アウトドア	フィッシング	0.484			
96	review	2403098011	Sports & Outdoors/Sports/Other Sports/Boxing/Punching Bags/Pedestal Bags	Sports & Outdoors	Sports	Other Sports	Boxing	40341101	スポーツ・アウトドア/フィッシング/収納ケース・バッグ/その他収納ケース・バッグ	スポーツ・アウトドア	フィッシング	0.472			
97	review	3311055011	Sports & Outdoors/Fan Shop/Sports Collectibles/Helmets/Full Sized Helmets	Sports & Outdoors	Fan Shop	Sports Collectibles	Helmets	40520501	スポーツ・アウトドア/野球/プロテクター・ヘルメット/その他プロテクター・ヘルメット	スポーツ・アウトドア	野球	0.449			
98	review	3311056011	Sports & Outdoors/Fan Shop/Sports Collectibles/Helmets/Mini Helmets	Sports & Outdoors	Fan Shop	Sports Collectibles	Helmets	40520501	スポーツ・アウトドア/野球/プロテクター・ヘルメット/その他プロテクター・ヘルメット	スポーツ・アウトドア	野球	0.470			
99	review	3311069011	Sports & Outdoors/Fan Shop/Sports Collectibles/Ticket Stubs	Sports & Outdoors	Fan Shop	Sports Collectibles	Ticket Stubs	40200901	スポーツ・アウトドア/サッカー・フットサル/サッカー用品/その他サッカー用品	スポーツ・アウトドア	サッカー・フットサル	0.479			
100	review	3441527011	Grocery & Gourmet Food/Pantry Staples/Jams, Jellies & Sweet Spreads/Jams, Jellies & Preserves/Jams & Preserves	Grocery & Gourmet Food	Pantry Staples	Jams, Jellies & Sweet Spreads	Jams, Jellies & Preserves	360401	グルメ・食品/パン・ジャム・シリアル/その他パン・ジャム・シリアル	グルメ・食品	パン・ジャム・シリアル	0.500			
101	review	5395823011	Sports & Outdoors/Fan Shop/Sports Collectibles/Trophies	Sports & Outdoors	Fan Shop	Sports Collectibles	Trophies	40200901	スポーツ・アウトドア/サッカー・フットサル/サッカー用品/その他サッカー用品	スポーツ・アウトドア	サッカー・フットサル	0.496			
102	review	5395825011	Sports & Outdoors/Fan Shop/Sports Collectibles/Stadium Components	Sports & Outdoors	Fan Shop	Sports Collectibles	Stadium Components	40200901	スポーツ・アウトドア/サッカー・フットサル/サッカー用品/その他サッカー用品	スポーツ・アウトドア	サッカー・フットサル	0.457			
103	review	5395827011	Sports & Outdoors/Fan Shop/Sports Collectibles/Baseball Bases	Sports & Outdoors	Fan Shop	Sports Collectibles	Baseball Bases	40200901	スポーツ・アウトドア/サッカー・フットサル/サッカー用品/その他サッカー用品	スポーツ・アウトドア	サッカー・フットサル	0.472			
104	review	5680518011	Sports & Outdoors/Sports/Team Sports/Baseball/Field Equipment/Drag Mats	Sports & Outdoors	Sports	Team Sports	Baseball	40520501	スポーツ・アウトドア/野球/プロテクター・ヘルメット/その他プロテクター・ヘルメット	スポーツ・アウトドア	野球	0.493			
105	review	5769004011	Sports & Outdoors/Fan Shop/Pet Gear/Pet Beds	Sports & Outdoors	Fan Shop	Pet Gear	Pet Beds	40340501	スポーツ・アウトドア/フィッシング/リール/その他リール	スポーツ・アウトドア	フィッシング	0.518			
106	review	5769013011	Sports & Outdoors/Fan Shop/Pet Gear/Pet ID Tags	Sports & Outdoors	Fan Shop	Pet Gear	Pet ID Tags	40341101	スポーツ・アウトドア/フィッシング/収納ケース・バッグ/その他収納ケース・バッグ	スポーツ・アウトドア	フィッシング	0.520			
107	review	5769027011	Sports & Outdoors/Fan Shop/Gameday & Tailgating/Disposable Cups & Plates/Disposable Cups	Sports & Outdoors	Fan Shop	Gameday & Tailgating	Disposable Cups & Plates	40200901	スポーツ・アウトドア/サッカー・フットサル/サッカー用品/その他サッカー用品	スポーツ・アウトドア	サッカー・フットサル	0.419			
108	review	5769028011	Sports & Outdoors/Fan Shop/Gameday & Tailgating/Disposable Cups & Plates/Disposable Plates	Sports & Outdoors	Fan Shop	Gameday & Tailgating	Disposable Cups & Plates	40200901	スポーツ・アウトドア/サッカー・フットサル/サッカー用品/その他サッカー用品	スポーツ・アウトドア	サッカー・フットサル	0.440			
109	review	5931158011	Sports & Outdoors/Fan Shop/Sports Collectibles/Cut Signatures	Sports & Outdoors	Fan Shop	Sports Collectibles	Cut Signatures	40200901	スポーツ・アウトドア/サッカー・フットサル/サッカー用品/その他サッカー用品	スポーツ・アウトドア	サッカー・フットサル	0.488			
110	review	6459165011	Grocery & Gourmet Food/Frozen/Fruit/Mixed Fruit	Grocery & Gourmet Food	Frozen	Fruit	Mixed Fruit	360506	グルメ・食品/フルーツ・果物/その他フルーツ・果物	グルメ・食品	フルーツ・果物	0.680			
111	review	6464940011	Grocery & Gourmet Food/Pantry Staples/Canned, Jarred & Packaged Foods/Beans & Peas	Grocery & Gourmet Food	Pantry Staples	Canned, Jarred & Packaged Foods	Beans & Peas	360401	グルメ・食品/パン・ジャム・シリアル/その他パン・ジャム・シリアル	グルメ・食品	パン・ジャム・シリアル	0.511			
112	review	6464944011	Grocery & Gourmet Food/Pantry Staples/Canned, Jarred & Packaged Foods/Beans & Peas/Kidney Beans	Grocery & Gourmet Food	Pantry Staples	Canned, Jarred & Packaged Foods	Beans & Peas	360401	グルメ・食品/パン・ジャム・シリアル/その他パン・ジャム・シリアル	グルメ・食品	パン・ジャム・シリアル	0.461			
113	review	6464945011	Grocery & Gourmet Food/Pantry Staples/Canned, Jarred & Packaged Foods/Beans & Peas/Lima Beans	Grocery & Gourmet Food	Pantry Staples	Canned, Jarred & Packaged Foods	Beans & Peas	360401	グルメ・食品/パン・ジャム・シリアル/その他パン・ジャム・シリアル	グルメ・食品	パン・ジャム・シリアル	0.480			
114	review	6464947011	Grocery & Gourmet Food/Pantry Staples/Canned, Jarred & Packaged Foods/Fruits	Grocery & Gourmet Food	Pantry Staples	Canned, Jarred & Packaged Foods	Fruits	360401	グルメ・食品/パン・ジャム・シリアル/その他パン・ジャム・シリアル	グルメ・食品	パン・ジャム・シリアル	0.526			
115	review	6464972011	Grocery & Gourmet Food/Pantry Staples/Canned, Jarred & Packaged Foods/Meat, Poultry & Seafood	Grocery & Gourmet Food	Pantry Staples	Canned, Jarred & Packaged Foods	Meat, Poultry & Seafood	360401	グルメ・食品/パン・ジャム・シリアル/その他パン・ジャム・シリアル	グルメ・食品	パン・ジャム・シリアル	0.490			
116	review	6464979011	Grocery & Gourmet Food/Pantry Staples/Canned, Jarred & Packaged Foods/Sloppy Joe Mix	Grocery & Gourmet Food	Pantry Staples	Canned, Jarred & Packaged Foods	Sloppy Joe Mix	360401	グルメ・食品/パン・ジャム・シリアル/その他パン・ジャム・シリアル	グルメ・食品	パン・ジャム・シリアル	0.496			
117	review	6485886011	Grocery & Gourmet Food/Pantry Staples/Cooking & Baking/Condensed & Powdered Milk	Grocery & Gourmet Food	Pantry Staples	Cooking & Baking	Condensed & Powdered Milk	360401	グルメ・食品/パン・ジャム・シリアル/その他パン・ジャム・シリアル	グルメ・食品	パン・ジャム・シリアル	0.541			
118	review	6485892011	Grocery & Gourmet Food/Pantry Staples/Cooking & Baking/Cooking Oils, Vinegars & Sprays/Oils/Almond	Grocery & Gourmet Food	Pantry Staples	Cooking & Baking	Cooking Oils, Vinegars & Sprays	360401	グルメ・食品/パン・ジャム・シリアル/その他パン・ジャム・シリアル	グルメ・食品	パン・ジャム・シリアル	0.490			
119	review	6485899011	Grocery & Gourmet Food/Pantry Staples/Cooking & Baking/Cooking Oils, Vinegars & Sprays/Oils/Walnut	Grocery & Gourmet Food	Pantry Staples	Cooking & Baking	Cooking Oils, Vinegars & Sprays	360401	グルメ・食品/パン・ジャム・シリアル/その他パン・ジャム・シリアル	グルメ・食品	パン・ジャム・シリアル	0.490			
120	review	6493999011	Grocery & Gourmet Food/Pantry Staples/Jams, Jellies & Sweet Spreads/Jams, Jellies & Preserves	Grocery & Gourmet Food	Pantry Staples	Jams, Jellies & Sweet Spreads	Jams, Jellies & Preserves	360401	グルメ・食品/パン・ジャム・シリアル/その他パン・ジャム・シリアル	グルメ・食品	パン・ジャム・シリアル	0.544			
121	review	6499410011	Grocery & Gourmet Food/Pantry Staples/Canned, Jarred & Packaged Foods/Packaged Meals & Side Dishes/Macaroni & Cheese	Grocery & Gourmet Food	Pantry Staples	Canned, Jarred & Packaged Foods	Packaged Meals & Side Dishes	360401	グルメ・食品/パン・ジャム・シリアル/その他パン・ジャム・シリアル	グルメ・食品	パン・ジャム・シリアル	0.433			
122	review	6499422011	Grocery & Gourmet Food/Pantry Staples/Canned, Jarred & Packaged Foods/Packaged Meals & Side Dishes/Pasta & Noodle Dishes	Grocery & Gourmet Food	Pantry Staples	Canned, Jarred & Packaged Foods	Packaged Meals & Side Dishes	360401	グルメ・食品/パン・ジャム・シリアル/その他パン・ジャム・シリアル	グルメ・食品	パン・ジャム・シリアル	0.434			
123	review	6499423011	Grocery & Gourmet Food/Pantry Staples/Canned, Jarred & Packaged Foods/Packaged Meals & Side Dishes/Pasta & Noodle Dishes/Noodle	Grocery & Gourmet Food	Pantry Staples	Canned, Jarred & Packaged Foods	Packaged Meals & Side Dishes	360401	グルメ・食品/パン・ジャム・シリアル/その他パン・ジャム・シリアル	グルメ・食品	パン・ジャム・シリアル	0.413			
124	review	6499424011	Grocery & Gourmet Food/Pantry Staples/Canned, Jarred & Packaged Foods/Packaged Meals & Side Dishes/Pasta & Noodle Dishes/Pasta	Grocery & Gourmet Food	Pantry Staples	Canned, Jarred & Packaged Foods	Packaged Meals & Side Dishes	360401	グルメ・食品/パン・ジャム・シリアル/その他パン・ジャム・シリアル	グルメ・食品	パン・ジャム・シリアル	0.415			
125	review	6499425011	Grocery & Gourmet Food/Pantry Staples/Canned, Jarred & Packaged Foods/Packaged Meals & Side Dishes/Pasta Salads	Grocery & Gourmet Food	Pantry Staples	Canned, Jarred & Packaged Foods	Packaged Meals & Side Dishes	360401	グルメ・食品/パン・ジャム・シリアル/その他パン・ジャム・シリアル	グルメ・食品	パン・ジャム・シリアル	0.452			
126	review	6499426011	Grocery & Gourmet Food/Pantry Staples/Canned, Jarred & Packaged Foods/Packaged Meals & Side Dishes/Pizza	Grocery & Gourmet Food	Pantry Staples	Canned, Jarred & Packaged Foods	Packaged Meals & Side Dishes	360401	グルメ・食品/パン・ジャム・シリアル/その他パン・ジャム・シリアル	グルメ・食品	パン・ジャム・シリアル	0.460			
127	review	6499427011	Grocery & Gourmet Food/Pantry Staples/Canned, Jarred & Packaged Foods/Packaged Meals & Side Dishes/Potatoes & Stuffings	Grocery & Gourmet Food	Pantry Staples	Canned, Jarred & Packaged Foods	Packaged Meals & Side Dishes	360401	グルメ・食品/パン・ジャム・シリアル/その他パン・ジャム・シリアル	グルメ・食品	パン・ジャム・シリアル	0.425			
128	review	6499438011	Grocery & Gourmet Food/Pantry Staples/Canned, Jarred & Packaged Foods/Packaged Meals & Side Dishes/Rice Dishes	Grocery & Gourmet Food	Pantry Staples	Canned, Jarred & Packaged Foods	Packaged Meals & Side Dishes	360401	グルメ・食品/パン・ジャム・シリアル/その他パン・ジャム・シリアル	グルメ・食品	パン・ジャム・シリアル	0.455			
129	review	6499439011	Grocery & Gourmet Food/Pantry Staples/Canned, Jarred & Packaged Foods/Packaged Meals & Side Dishes/Rice Dishes/Curried Rice	Grocery & Gourmet Food	Pantry Staples	Canned, Jarred & Packaged Foods	Packaged Meals & Side Dishes	360401	グルメ・食品/パン・ジャム・シリアル/その他パン・ジャム・シリアル	グルメ・食品	パン・ジャム・シリアル	0.418			
130	review	6499440011	Grocery & Gourmet Food/Pantry Staples/Canned, Jarred & Packaged Foods/Packaged Meals & Side Dishes/Rice Dishes/Dirty Rice	Grocery & Gourmet Food	Pantry Staples	Canned, Jarred & Packaged Foods	Packaged Meals & Side Dishes	360401	グルメ・食品/パン・ジャム・シリアル/その他パン・ジャム・シリアル	グルメ・食品	パン・ジャム・シリアル	0.422			
131	review	6499442011	Grocery & Gourmet Food/Pantry Staples/Canned, Jarred & Packaged Foods/Packaged Meals & Side Dishes/Rice Dishes/Paella	Grocery & Gourmet Food	Pantry Staples	Canned, Jarred & Packaged Foods	Packaged Meals & Side Dishes	360401	グルメ・食品/パン・ジャム・シリアル/その他パン・ジャム・シリアル	グルメ・食品	パン・ジャム・シリアル	0.455			
132	review	6499443011	Grocery & Gourmet Food/Pantry Staples/Canned, Jarred & Packaged Foods/Packaged Meals & Side Dishes/Rice Dishes/Pilaf	Grocery & Gourmet Food	Pantry Staples	Canned, Jarred & Packaged Foods	Packaged Meals & Side Dishes	360401	グルメ・食品/パン・ジャム・シリアル/その他パン・ジャム・シリアル	グルメ・食品	パン・ジャム・シリアル	0.446			
133	review	6499445011	Grocery & Gourmet Food/Pantry Staples/Canned, Jarred & Packaged Foods/Packaged Meals & Side Dishes/Rice Dishes/Risotto	Grocery & Gourmet Food	Pantry Staples	Canned, Jarred & Packaged Foods	Packaged Meals & Side Dishes	360401	グルメ・食品/パン・ジャム・シリアル/その他パン・ジャム・シリアル	グルメ・食品	パン・ジャム・シリアル	0.429			
134	review	6507018011	Grocery & Gourmet Food/Produce/Fresh Fruits/Citrus Fruits	Grocery & Gourmet Food	Produce	Fresh Fruits	Citrus Fruits	360506	グルメ・食品/フルーツ・果物/その他フルーツ・果物	グルメ・食品	フルーツ・果物	0.655			
135	review	6507067011	Grocery & Gourmet Food/Produce/Fresh Fruits/Star Fruit	Grocery & Gourmet Food	Produce	Fresh Fruits	Star Fruit	360506	グルメ・食品/フルーツ・果物/その他フルーツ・果物	グルメ・食品	フルーツ・果物	0.654			
136	review	6507075011	Grocery & Gourmet Food/Produce/Fresh Vegetables/Celery	Grocery & Gourmet Food	Produce	Fresh Vegetables	Celery	36160409	グルメ・食品/野菜・きのこ/その他野菜/セロリ	グルメ・食品	野菜・きのこ	0.673			
137	review	6507100011	Grocery & Gourmet Food/Produce/Fresh Vegetables/Leafy Greens/Arugula	Grocery & Gourmet Food	Produce	Fresh Vegetables	Leafy Greens	36160414	グルメ・食品/野菜・きのこ/その他野菜/ルッコラ	グルメ・食品	野菜・きのこ	0.646			
138	review	6507111011	Grocery & Gourmet Food/Produce/Fresh Vegetables/Onions & Shallots/Cipollini	Grocery & Gourmet Food	Produce	Fresh Vegetables	Onions & Shallots	36160405	グルメ・食品/野菜・きのこ/その他野菜/エシャロット	グルメ・食品	野菜・きのこ	0.602			
139	review	6507112011	Grocery & Gourmet Food/Produce/Fresh Vegetables/Onions & Shallots/Pearl	Grocery & Gourmet Food	Produce	Fresh Vegetables	Onions & Shallots	36160405	グルメ・食品/野菜・きのこ/その他野菜/エシャロット	グルメ・食品	野菜・きのこ	0.620			
140	review	6507113011	Grocery & Gourmet Food/Produce/Fresh Vegetables/Onions & Shallots/Red	Grocery & Gourmet Food	Produce	Fresh Vegetables	Onions & Shallots	36160405	グルメ・食品/野菜・きのこ/その他野菜/エシャロット	グルメ・食品	野菜・きのこ	0.630			
141	review	6507115011	Grocery & Gourmet Food/Produce/Fresh Vegetables/Onions & Shallots/Shallots	Grocery & Gourmet Food	Produce	Fresh Vegetables	Onions & Shallots	36160405	グルメ・食品/野菜・きのこ/その他野菜/エシャロット	グルメ・食品	野菜・きのこ	0.636			
142	review	6507116011	Grocery & Gourmet Food/Produce/Fresh Vegetables/Onions & Shallots/Sweet	Grocery & Gourmet Food	Produce	Fresh Vegetables	Onions & Shallots	36160405	グルメ・食品/野菜・きのこ/その他野菜/エシャロット	グルメ・食品	野菜・きのこ	0.620			
143	review	6507117011	Grocery & Gourmet Food/Produce/Fresh Vegetables/Onions & Shallots/Sweet/Vidalia	Grocery & Gourmet Food	Produce	Fresh Vegetables	Onions & Shallots	36160405	グルメ・食品/野菜・きのこ/その他野菜/エシャロット	グルメ・食品	野菜・きのこ	0.576			
144	review	6507118011	Grocery & Gourmet Food/Produce/Fresh Vegetables/Onions & Shallots/Sweet/Walla Walla	Grocery & Gourmet Food	Produce	Fresh Vegetables	Onions & Shallots	36160405	グルメ・食品/野菜・きのこ/その他野菜/エシャロット	グルメ・食品	野菜・きのこ	0.559			
145	review	6507119011	Grocery & Gourmet Food/Produce/Fresh Vegetables/Onions & Shallots/White	Grocery & Gourmet Food	Produce	Fresh Vegetables	Onions & Shallots	36160405	グルメ・食品/野菜・きのこ/その他野菜/エシャロット	グルメ・食品	野菜・きのこ	0.620			
146	review	6507120011	Grocery & Gourmet Food/Produce/Fresh Vegetables/Onions & Shallots/Yellow	Grocery & Gourmet Food	Produce	Fresh Vegetables	Onions & Shallots	36160405	グルメ・食品/野菜・きのこ/その他野菜/エシャロット	グルメ・食品	野菜・きのこ	0.615			
147	review	6507132011	Grocery & Gourmet Food/Produce/Fresh Vegetables/Peppers/Bell Peppers/Yellow	Grocery & Gourmet Food	Produce	Fresh Vegetables	Peppers	36160405	グルメ・食品/野菜・きのこ/その他野菜/エシャロット	グルメ・食品	野菜・きのこ	0.555			
148	review	6507133011	Grocery & Gourmet Food/Produce/Fresh Vegetables/Peppers/Chili Peppers	Grocery & Gourmet Food	Produce	Fresh Vegetables	Peppers	36160409	グルメ・食品/野菜・きのこ/その他野菜/セロリ	グルメ・食品	野菜・きのこ	0.598			
149	review	6507135011	Grocery & Gourmet Food/Produce/Fresh Vegetables/Peppers/Chili Peppers/Banana	Grocery & Gourmet Food	Produce	Fresh Vegetables	Peppers	36160409	グルメ・食品/野菜・きのこ/その他野菜/セロリ	グルメ・食品	野菜・きのこ	0.559			
150	review	6507136011	Grocery & Gourmet Food/Produce/Fresh Vegetables/Peppers/Chili Peppers/Cayenne	Grocery & Gourmet Food	Produce	Fresh Vegetables	Peppers	36160409	グルメ・食品/野菜・きのこ/その他野菜/セロリ	グルメ・食品	野菜・きのこ	0.569			
151	review	6507137011	Grocery & Gourmet Food/Produce/Fresh Vegetables/Peppers/Chili Peppers/Cherry	Grocery & Gourmet Food	Produce	Fresh Vegetables	Peppers	36160409	グルメ・食品/野菜・きのこ/その他野菜/セロリ	グルメ・食品	野菜・きのこ	0.574			
152	review	6507140011	Grocery & Gourmet Food/Produce/Fresh Vegetables/Peppers/Chili Peppers/Jalapenos	Grocery & Gourmet Food	Produce	Fresh Vegetables	Peppers	36160405	グルメ・食品/野菜・きのこ/その他野菜/エシャロット	グルメ・食品	野菜・きのこ	0.553			
153	review	6507156011	Grocery & Gourmet Food/Produce/Fresh Vegetables/Root Vegetables/Celery Root	Grocery & Gourmet Food	Produce	Fresh Vegetables	Root Vegetables	36160409	グルメ・食品/野菜・きのこ/その他野菜/セロリ	グルメ・食品	野菜・きのこ	0.602			
154	review	6507160011	Grocery & Gourmet Food/Produce/Fresh Vegetables/Root Vegetables/Parsnips	Grocery & Gourmet Food	Produce	Fresh Vegetables	Root Vegetables	36160410	グルメ・食品/野菜・きのこ/その他野菜/パセリ	グルメ・食品	野菜・きのこ	0.580			
155	review	6507164011	Grocery & Gourmet Food/Produce/Fresh Vegetables/Sprouts/Alfalfa	Grocery & Gourmet Food	Produce	Fresh Vegetables	Sprouts	36160414	グルメ・食品/野菜・きのこ/その他野菜/ルッコラ	グルメ・食品	野菜・きのこ	0.607			
156	review	6524416011	Grocery & Gourmet Food/Breakfast Foods/Applesauce & Fruit Cups/Fruit Cups	Grocery & Gourmet Food	Breakfast Foods	Applesauce & Fruit Cups	Fruit Cups	360506	グルメ・食品/フルーツ・果物/その他フルーツ・果物	グルメ・食品	フルーツ・果物	0.565			
157	review	6584547011	Grocery & Gourmet Food/Produce/Fresh Fruits/Citrus Fruits/Limes	Grocery & Gourmet Food	Produce	Fresh Fruits	Citrus Fruits	360506	グルメ・食品/フルーツ・果物/その他フルーツ・果物	グルメ・食品	フルーツ・果物	0.610			
158	review	6939271011	Health & Household/Vitamins, Minerals & Supplements/Antioxidants/Colloidal Minerals	Health & Household	Vitamins, Minerals & Supplements	Antioxidants	Colloidal Minerals	42020201	ダイエット・健康/サプリメント/スポーツ/その他スポーツ	ダイエット・健康	サプリメント	0.429			
159	review	6943344011	Health & Household/Vitamins, Minerals & Supplements/Essential Fatty Acids/Black Currant Oil	Health & Household	Vitamins, Minerals & Supplements	Essential Fatty Acids	Black Currant Oil	42020201	ダイエット・健康/サプリメント/スポーツ/その他スポーツ	ダイエット・健康	サプリメント	0.418			
160	review	6943346011	Health & Household/Vitamins, Minerals & Supplements/Essential Fatty Acids/Flax Seed Oil	Health & Household	Vitamins, Minerals & Supplements	Essential Fatty Acids	Flax Seed Oil	42020201	ダイエット・健康/サプリメント/スポーツ/その他スポーツ	ダイエット・健康	サプリメント	0.431			
161	review	6943347011	Health & Household/Vitamins, Minerals & Supplements/Essential Fatty Acids/Krill Oils	Health & Household	Vitamins, Minerals & Supplements	Essential Fatty Acids	Krill Oils	42020201	ダイエット・健康/サプリメント/スポーツ/その他スポーツ	ダイエット・健康	サプリメント	0.441			
162	review	6943348011	Health & Household/Vitamins, Minerals & Supplements/Essential Fatty Acids/Omega Oils	Health & Household	Vitamins, Minerals & Supplements	Essential Fatty Acids	Omega Oils	42020201	ダイエット・健康/サプリメント/スポーツ/その他スポーツ	ダイエット・健康	サプリメント	0.441			
163	review	6943349011	Health & Household/Vitamins, Minerals & Supplements/Essential Fatty Acids/Omega Oils/Omega-6	Health & Household	Vitamins, Minerals & Supplements	Essential Fatty Acids	Omega Oils	42020201	ダイエット・健康/サプリメント/スポーツ/その他スポーツ	ダイエット・健康	サプリメント	0.409			
164	review	6943350011	Health & Household/Vitamins, Minerals & Supplements/Essential Fatty Acids/Omega Oils/Omega-9	Health & Household	Vitamins, Minerals & Supplements	Essential Fatty Acids	Omega Oils	42020201	ダイエット・健康/サプリメント/スポーツ/その他スポーツ	ダイエット・健康	サプリメント	0.409			
165	review	6966319011	Health & Household/Vitamins, Minerals & Supplements/Antioxidants/Polyphenol/Curcumin	Health & Household	Vitamins, Minerals & Supplements	Antioxidants	Polyphenol	42020201	ダイエット・健康/サプリメント/スポーツ/その他スポーツ	ダイエット・健康	サプリメント	0.419			
166	review	6966320011	Health & Household/Vitamins, Minerals & Supplements/Herbal Supplements/Marshmallow Root	Health & Household	Vitamins, Minerals & Supplements	Herbal Supplements	Marshmallow Root	42020201	ダイエット・健康/サプリメント/スポーツ/その他スポーツ	ダイエット・健康	サプリメント	0.431			
167	review	7427946011	Sports & Outdoors/Sports/Leisure Sports & Game Room/Bowling/Bags/Bowling Roller Bags	Sports & Outdoors	Sports	Leisure Sports & Game Room	Bowling	40341101	スポーツ・アウトドア/フィッシング/収納ケース・バッグ/その他収納ケース・バッグ	スポーツ・アウトドア	フィッシング	0.438			
168	review	8147489011	Grocery & Gourmet Food/Pantry Staples/Cooking & Baking/Frosting, Icing & Decorations/Edible Printer Ink & Paper/Edible Printer Ink	Grocery & Gourmet Food	Pantry Staples	Cooking & Baking	Frosting, Icing & Decorations	360401	グルメ・食品/パン・ジャム・シリアル/その他パン・ジャム・シリアル	グルメ・食品	パン・ジャム・シリアル	0.402			
169	review	8882524011	Musical Instruments/Keyboards & MIDI/Electronic Keyboards/Digital Pianos/Home Digital Pianos	Musical Instruments	Keyboards & MIDI	Electronic Keyboards	Digital Pianos	562906	楽器・音響機器/キーボード・ピアノ/その他キーボード・ピアノ	楽器・音響機器	キーボード・ピアノ	0.469			
170	review	8882525011	Musical Instruments/Keyboards & MIDI/Electronic Keyboards/Digital Pianos/Stage Digital Pianos	Musical Instruments	Keyboards & MIDI	Electronic Keyboards	Digital Pianos	562906	楽器・音響機器/キーボード・ピアノ/その他キーボード・ピアノ	楽器・音響機器	キーボード・ピアノ	0.466			
171	review	9865334011	Grocery & Gourmet Food/Produce/Dried Fruits & Vegetables/Dried Fruits	Grocery & Gourmet Food	Produce	Dried Fruits & Vegetables	Dried Fruits	360506	グルメ・食品/フルーツ・果物/その他フルーツ・果物	グルメ・食品	フルーツ・果物	0.600			
172	review	9865372011	Grocery & Gourmet Food/Produce/Dried Fruits & Vegetables/Dried Vegetables/Dried Okra	Grocery & Gourmet Food	Produce	Dried Fruits & Vegetables	Dried Vegetables	36160406	グルメ・食品/野菜・きのこ/その他野菜/オクラ	グルメ・食品	野菜・きのこ	0.536			
173	review	9865420011	Grocery & Gourmet Food/Produce/Packaged Produce/Cut & Packaged Fruits/Mixed Fruits	Grocery & Gourmet Food	Produce	Packaged Produce	Cut & Packaged Fruits	360506	グルメ・食品/フルーツ・果物/その他フルーツ・果物	グルメ・食品	フルーツ・果物	0.533			
174	review	9865460011	Grocery & Gourmet Food/Produce/Packaged Produce/Cut & Packaged Vegetables/Onions & Shallots	Grocery & Gourmet Food	Produce	Packaged Produce	Cut & Packaged Vegetables	36160405	グルメ・食品/野菜・きのこ/その他野菜/エシャロット	グルメ・食品	野菜・きのこ	0.544			
175	review	10208055011	Sports & Outdoors/Outdoor Recreation/Camping & Hiking/Backpacks, Bags & Accessories/Daypacks & Casual Bags	Sports & Outdoors	Outdoor Recreation	Camping & Hiking	Backpacks, Bags & Accessories	40341101	スポーツ・アウトドア/フィッシング/収納ケース・バッグ/その他収納ケース・バッグ	スポーツ・アウトドア	フィッシング	0.427			
176	review	10342348011	Health & Household/Household Supplies/Lighters & Matches/Butane Fuel	Health & Household	Household Supplies	Lighters & Matches	Butane Fuel	42020201	ダイエット・健康/サプリメント/スポーツ/その他スポーツ	ダイエット・健康	サプリメント	0.429			
177	review	10342349011	Health & Household/Household Supplies/Lighters & Matches/Flints & Wicks	Health & Household	Household Supplies	Lighters & Matches	Flints & Wicks	42020201	ダイエット・健康/サプリメント/スポーツ/その他スポーツ	ダイエット・健康	サプリメント	0.425			
178	review	10342351011	Health & Household/Household Supplies/Lighters & Matches/Lighter Fluid	Health & Household	Household Supplies	Lighters & Matches	Lighter Fluid	42020201	ダイエット・健康/サプリメント/スポーツ/その他スポーツ	ダイエット・健康	サプリメント	0.421			
179	review	10342352011	Health & Household/Household Supplies/Lighters & Matches/Lighter Inserts	Health & Household	Household Supplies	Lighters & Matches	Lighter Inserts	42020201	ダイエット・健康/サプリメント/スポーツ/その他スポーツ	ダイエット・健康	サプリメント	0.414			
180	review	10342353011	Health & Household/Household Supplies/Lighters & Matches/Lighter Pouches	Health & Household	Household Supplies	Lighters & Matches	Lighter Pouches	42020201	ダイエット・健康/サプリメント/スポーツ/その他スポーツ	ダイエット・健康	サプリメント	0.414			
181	review	10779591011	Grocery & Gourmet Food/Dairy, Eggs & Plant-Based Alternatives/Packaged Cheese/Deli-Sliced Cheeses/American	Grocery & Gourmet Food	Dairy, Eggs & Plant-Based Alternatives	Packaged Cheese	Deli-Sliced Cheeses	360401	グルメ・食品/パン・ジャム・シリアル/その他パン・ジャム・シリアル	グルメ・食品	パン・ジャム・シリアル	0.448			
182	review	11194033011	Grocery & Gourmet Food/Pantry Staples/Canned, Jarred & Packaged Foods/Beans & Peas/Refried Beans	Grocery & Gourmet Food	Pantry Staples	Canned, Jarred & Packaged Foods	Beans & Peas	360401	グルメ・食品/パン・ジャム・シリアル/その他パン・ジャム・シリアル	グルメ・食品	パン・ジャム・シリアル	0.484			
183	review	11194502011	Grocery & Gourmet Food/Pantry Staples/Canned, Jarred & Packaged Foods/Meat, Poultry & Seafood/Chicken	Grocery & Gourmet Food	Pantry Staples	Canned, Jarred & Packaged Foods	Meat, Poultry & Seafood	360401	グルメ・食品/パン・ジャム・シリアル/その他パン・ジャム・シリアル	グルメ・食品	パン・ジャム・シリアル	0.459			
184	review	11194503011	Grocery & Gourmet Food/Pantry Staples/Canned, Jarred & Packaged Foods/Meat, Poultry & Seafood/Lamb	Grocery & Gourmet Food	Pantry Staples	Canned, Jarred & Packaged Foods	Meat, Poultry & Seafood	360401	グルメ・食品/パン・ジャム・シリアル/その他パン・ジャム・シリアル	グルメ・食品	パン・ジャム・シリアル	0.481			
185	review	11194988011	Grocery & Gourmet Food/Pantry Staples/Canned, Jarred & Packaged Foods/Packaged Meals & Side Dishes/Meat Dishes	Grocery & Gourmet Food	Pantry Staples	Canned, Jarred & Packaged Foods	Packaged Meals & Side Dishes	360401	グルメ・食品/パン・ジャム・シリアル/その他パン・ジャム・シリアル	グルメ・食品	パン・ジャム・シリアル	0.443			
186	review	11194990011	Grocery & Gourmet Food/Pantry Staples/Canned, Jarred & Packaged Foods/Packaged Meals & Side Dishes/Savory Pies & Quiches	Grocery & Gourmet Food	Pantry Staples	Canned, Jarred & Packaged Foods	Packaged Meals & Side Dishes	360401	グルメ・食品/パン・ジャム・シリアル/その他パン・ジャム・シリアル	グルメ・食品	パン・ジャム・シリアル	0.423			
187	review	11461458011	Health & Household/Sexual Wellness/Safer Sex/Condoms/Female	Health & Household	Sexual Wellness	Safer Sex	Condoms	42020201	ダイエット・健康/サプリメント/スポーツ/その他スポーツ	ダイエット・健康	サプリメント	0.411			
188	review	11461459011	Health & Household/Sexual Wellness/Safer Sex/Condoms/Male	Health & Household	Sexual Wellness	Safer Sex	Condoms	42020201	ダイエット・健康/サプリメント/スポーツ/その他スポーツ	ダイエット・健康	サプリメント	0.419			
189	review	11596759011	Grocery & Gourmet Food/Produce/Fresh Fruits/Citrus Fruits/Kumquats	Grocery & Gourmet Food	Produce	Fresh Fruits	Citrus Fruits	360506	グルメ・食品/フルーツ・果物/その他フルーツ・果物	グルメ・食品	フルーツ・果物	0.595			
190	review	11596764011	Grocery & Gourmet Food/Produce/Fresh Fruits/Dragon Fruit	Grocery & Gourmet Food	Produce	Fresh Fruits	Dragon Fruit	360506	グルメ・食品/フルーツ・果物/その他フルーツ・果物	グルメ・食品	フルーツ・果物	0.642			
191	review	11596810011	Grocery & Gourmet Food/Produce/Fresh Vegetables/Onions & Shallots/Leeks	Grocery & Gourmet Food	Produce	Fresh Vegetables	Onions & Shallots	36160405	グルメ・食品/野菜・きのこ/その他野菜/エシャロット	グルメ・食品	野菜・きのこ	0.620			
192	review	11596811011	Grocery & Gourmet Food/Produce/Fresh Vegetables/Onions & Shallots/Spring Onions	Grocery & Gourmet Food	Produce	Fresh Vegetables	Onions & Shallots	36160405	グルメ・食品/野菜・きのこ/その他野菜/エシャロット	グルメ・食品	野菜・きのこ	0.584			
193	review	11596844011	Grocery & Gourmet Food/Produce/Packaged Produce/Cut & Packaged Vegetables/Leafy Greens/Arugula	Grocery & Gourmet Food	Produce	Packaged Produce	Cut & Packaged Vegetables	36160414	グルメ・食品/野菜・きのこ/その他野菜/ルッコラ	グルメ・食品	野菜・きのこ	0.536			
194	review	11596853011	Grocery & Gourmet Food/Produce/Packaged Produce/Cut & Packaged Vegetables/Onions & Shallots/Cipollini	Grocery & Gourmet Food	Produce	Packaged Produce	Cut & Packaged Vegetables	36160405	グルメ・食品/野菜・きのこ/その他野菜/エシャロット	グルメ・食品	野菜・きのこ	0.503			
195	review	11596854011	Grocery & Gourmet Food/Produce/Packaged Produce/Cut & Packaged Vegetables/Onions & Shallots/Leeks	Grocery & Gourmet Food	Produce	Packaged Produce	Cut & Packaged Vegetables	36160405	グルメ・食品/野菜・きのこ/その他野菜/エシャロット	グルメ・食品	野菜・きのこ	0.516			
196	review	11596855011	Grocery & Gourmet Food/Produce/Packaged Produce/Cut & Packaged Vegetables/Onions & Shallots/Pearl Onions	Grocery & Gourmet Food	Produce	Packaged Produce	Cut & Packaged Vegetables	36160405	グルメ・食品/野菜・きのこ/その他野菜/エシャロット	グルメ・食品	野菜・きのこ	0.494			
197	review	11596856011	Grocery & Gourmet Food/Produce/Packaged Produce/Cut & Packaged Vegetables/Onions & Shallots/Red Onions	Grocery & Gourmet Food	Produce	Packaged Produce	Cut & Packaged Vegetables	36160405	グルメ・食品/野菜・きのこ/その他野菜/エシャロット	グルメ・食品	野菜・きのこ	0.500			
198	review	11596858011	Grocery & Gourmet Food/Produce/Packaged Produce/Cut & Packaged Vegetables/Onions & Shallots/Shallots	Grocery & Gourmet Food	Produce	Packaged Produce	Cut & Packaged Vegetables	36160405	グルメ・食品/野菜・きのこ/その他野菜/エシャロット	グルメ・食品	野菜・きのこ	0.532			
199	review	11596859011	Grocery & Gourmet Food/Produce/Packaged Produce/Cut & Packaged Vegetables/Onions & Shallots/Spring Onions	Grocery & Gourmet Food	Produce	Packaged Produce	Cut & Packaged Vegetables	36160405	グルメ・食品/野菜・きのこ/その他野菜/エシャロット	グルメ・食品	野菜・きのこ	0.491			
200	review	11596860011	Grocery & Gourmet Food/Produce/Packaged Produce/Cut & Packaged Vegetables/Onions & Shallots/Sweet Onions	Grocery & Gourmet Food	Produce	Packaged Produce	Cut & Packaged Vegetables	36160405	グルメ・食品/野菜・きのこ/その他野菜/エシャロット	グルメ・食品	野菜・きのこ	0.494			
201	review	11596861011	Grocery & Gourmet Food/Produce/Packaged Produce/Cut & Packaged Vegetables/Onions & Shallots/Sweet Onions/Vidalia	Grocery & Gourmet Food	Produce	Packaged Produce	Cut & Packaged Vegetables	36160405	グルメ・食品/野菜・きのこ/その他野菜/エシャロット	グルメ・食品	野菜・きのこ	0.465			
202	review	11596862011	Grocery & Gourmet Food/Produce/Packaged Produce/Cut & Packaged Vegetables/Onions & Shallots/Sweet Onions/Walla Walla	Grocery & Gourmet Food	Produce	Packaged Produce	Cut & Packaged Vegetables	36160405	グルメ・食品/野菜・きのこ/その他野菜/エシャロット	グルメ・食品	野菜・きのこ	0.455			
203	review	11596863011	Grocery & Gourmet Food/Produce/Packaged Produce/Cut & Packaged Vegetables/Onions & Shallots/White Onions	Grocery & Gourmet Food	Produce	Packaged Produce	Cut & Packaged Vegetables	36160405	グルメ・食品/野菜・きのこ/その他野菜/エシャロット	グルメ・食品	野菜・きのこ	0.494			
204	review	11596864011	Grocery & Gourmet Food/Produce/Packaged Produce/Cut & Packaged Vegetables/Onions & Shallots/Yellow Onions	Grocery & Gourmet Food	Produce	Packaged Produce	Cut & Packaged Vegetables	36160405	グルメ・食品/野菜・きのこ/その他野菜/エシャロット	グルメ・食品	野菜・きのこ	0.491			
205	review	11596874011	Grocery & Gourmet Food/Produce/Packaged Produce/Cut & Packaged Vegetables/Peppers/Bell Peppers/Green Bell Peppers	Grocery & Gourmet Food	Produce	Packaged Produce	Cut & Packaged Vegetables	36160409	グルメ・食品/野菜・きのこ/その他野菜/セロリ	グルメ・食品	野菜・きのこ	0.451			
206	review	11596875011	Grocery & Gourmet Food/Produce/Packaged Produce/Cut & Packaged Vegetables/Peppers/Bell Peppers/Mixed Color Bell Peppers	Grocery & Gourmet Food	Produce	Packaged Produce	Cut & Packaged Vegetables	36160409	グルメ・食品/野菜・きのこ/その他野菜/セロリ	グルメ・食品	野菜・きのこ	0.447			
207	review	11596876011	Grocery & Gourmet Food/Produce/Packaged Produce/Cut & Packaged Vegetables/Peppers/Bell Peppers/Orange Bell Peppers	Grocery & Gourmet Food	Produce	Packaged Produce	Cut & Packaged Vegetables	36160409	グルメ・食品/野菜・きのこ/その他野菜/セロリ	グルメ・食品	野菜・きのこ	0.448			
208	review	11596877011	Grocery & Gourmet Food/Produce/Packaged Produce/Cut & Packaged Vegetables/Peppers/Bell Peppers/Red Bell Peppers	Grocery & Gourmet Food	Produce	Packaged Produce	Cut & Packaged Vegetables	36160409	グルメ・食品/野菜・きのこ/その他野菜/セロリ	グルメ・食品	野菜・きのこ	0.456			
209	review	11596878011	Grocery & Gourmet Food/Produce/Packaged Produce/Cut & Packaged Vegetables/Peppers/Bell Peppers/Yellow Bell Peppers	Grocery & Gourmet Food	Produce	Packaged Produce	Cut & Packaged Vegetables	36160409	グルメ・食品/野菜・きのこ/その他野菜/セロリ	グルメ・食品	野菜・きのこ	0.448			
210	review	11596879011	Grocery & Gourmet Food/Produce/Packaged Produce/Cut & Packaged Vegetables/Peppers/Chili Peppers	Grocery & Gourmet Food	Produce	Packaged Produce	Cut & Packaged Vegetables	36160409	グルメ・食品/野菜・きのこ/その他野菜/セロリ	グルメ・食品	野菜・きのこ	0.497			
211	review	11596881011	Grocery & Gourmet Food/Produce/Packaged Produce/Cut & Packaged Vegetables/Peppers/Chili Peppers/Banana Peppers	Grocery & Gourmet Food	Produce	Packaged Produce	Cut & Packaged Vegetables	36160409	グルメ・食品/野菜・きのこ/その他野菜/セロリ	グルメ・食品	野菜・きのこ	0.447			
212	review	11596882011	Grocery & Gourmet Food/Produce/Packaged Produce/Cut & Packaged Vegetables/Peppers/Chili Peppers/Cayenne	Grocery & Gourmet Food	Produce	Packaged Produce	Cut & Packaged Vegetables	36160409	グルメ・食品/野菜・きのこ/その他野菜/セロリ	グルメ・食品	野菜・きのこ	0.479			
213	review	11596883011	Grocery & Gourmet Food/Produce/Packaged Produce/Cut & Packaged Vegetables/Peppers/Chili Peppers/Cherry Peppers	Grocery & Gourmet Food	Produce	Packaged Produce	Cut & Packaged Vegetables	36160409	グルメ・食品/野菜・きのこ/その他野菜/セロリ	グルメ・食品	野菜・きのこ	0.459			
214	review	11596886011	Grocery & Gourmet Food/Produce/Packaged Produce/Cut & Packaged Vegetables/Peppers/Chili Peppers/Jalapenos	Grocery & Gourmet Food	Produce	Packaged Produce	Cut & Packaged Vegetables	36160405	グルメ・食品/野菜・きのこ/その他野菜/エシャロット	グルメ・食品	野菜・きのこ	0.467			
215	review	11596887011	Grocery & Gourmet Food/Produce/Packaged Produce/Cut & Packaged Vegetables/Peppers/Chili Peppers/Poblano	Grocery & Gourmet Food	Produce	Packaged Produce	Cut & Packaged Vegetables	36160409	グルメ・食品/野菜・きのこ/その他野菜/セロリ	グルメ・食品	野菜・きのこ	0.466			
216	review	11596901011	Grocery & Gourmet Food/Produce/Packaged Produce/Cut & Packaged Vegetables/Root Vegetables/Celeriac	Grocery & Gourmet Food	Produce	Packaged Produce	Cut & Packaged Vegetables	36160409	グルメ・食品/野菜・きのこ/その他野菜/セロリ	グルメ・食品	野菜・きのこ	0.500			
217	review	15156965011	Grocery & Gourmet Food/Produce/Dried Fruits & Vegetables/Dried Vegetables/Dried Mushrooms/Chanterelle	Grocery & Gourmet Food	Produce	Dried Fruits & Vegetables	Dried Vegetables	36160410	グルメ・食品/野菜・きのこ/その他野菜/パセリ	グルメ・食品	野菜・きのこ	0.487			
218	review	15179908011	Grocery & Gourmet Food/Produce/Dried Fruits & Vegetables/Dried Vegetables/Dried Mushrooms/Lobster	Grocery & Gourmet Food	Produce	Dried Fruits & Vegetables	Dried Vegetables	36160402	グルメ・食品/野菜・きのこ/その他野菜/その他	グルメ・食品	野菜・きのこ	0.506			
219	review	15179910011	Grocery & Gourmet Food/Produce/Dried Fruits & Vegetables/Dried Vegetables/Dried Mushrooms/Oyster	Grocery & Gourmet Food	Produce	Dried Fruits & Vegetables	Dried Vegetables	36160402	グルメ・食品/野菜・きのこ/その他野菜/その他	グルメ・食品	野菜・きのこ	0.510			
220	review	15500531011	Grocery & Gourmet Food/Pantry Staples/Canned, Jarred & Packaged Foods/Meat, Poultry & Seafood/Turkey	Grocery & Gourmet Food	Pantry Staples	Canned, Jarred & Packaged Foods	Meat, Poultry & Seafood	360401	グルメ・食品/パン・ジャム・シリアル/その他パン・ジャム・シリアル	グルメ・食品	パン・ジャム・シリアル	0.462			
221	review	15500533011	Grocery & Gourmet Food/Pantry Staples/Canned, Jarred & Packaged Foods/Beans & Peas/Lentils	Grocery & Gourmet Food	Pantry Staples	Canned, Jarred & Packaged Foods	Beans & Peas	360401	グルメ・食品/パン・ジャム・シリアル/その他パン・ジャム・シリアル	グルメ・食品	パン・ジャム・シリアル	0.490			
222	review	15524340011	Health & Household/Household Supplies/Household Cleaning/Wood Polish & Care	Health & Household	Household Supplies	Household Cleaning	Wood Polish & Care	42020201	ダイエット・健康/サプリメント/スポーツ/その他スポーツ	ダイエット・健康	サプリメント	0.403			
223	review	15524361011	Health & Household/Household Supplies/Cleaning Tools/Cleaning Cloths	Health & Household	Household Supplies	Cleaning Tools	Cleaning Cloths	42020201	ダイエット・健康/サプリメント/スポーツ/その他スポーツ	ダイエット・健康	サプリメント	0.425			
224	review	16171817011	Grocery & Gourmet Food/Dairy, Eggs & Plant-Based Alternatives/Dairy & Plant-Based Yogurt/Starter Cultures	Grocery & Gourmet Food	Dairy, Eggs & Plant-Based Alternatives	Dairy & Plant-Based Yogurt	Starter Cultures	360401	グルメ・食品/パン・ジャム・シリアル/その他パン・ジャム・シリアル	グルメ・食品	パン・ジャム・シリアル	0.450			
225	review	16284867011	Health & Household/Household Supplies/Paper & Plastic/Trash, Compost & Lawn Bags	Health & Household	Household Supplies	Paper & Plastic	Trash, Compost & Lawn Bags	42020201	ダイエット・健康/サプリメント/スポーツ/その他スポーツ	ダイエット・健康	サプリメント	0.400			
226	review	17307453011	Health & Household/Sexual Wellness/Leather & Latex Wear/Clean & Care	Health & Household	Sexual Wellness	Leather & Latex Wear	Clean & Care	42020201	ダイエット・健康/サプリメント/スポーツ/その他スポーツ	ダイエット・健康	サプリメント	0.400			
227	review	17307454011	Health & Household/Sexual Wellness/Leather & Latex Wear/Men's	Health & Household	Sexual Wellness	Leather & Latex Wear	Men's	42020201	ダイエット・健康/サプリメント/スポーツ/その他スポーツ	ダイエット・健康	サプリメント	0.415			
228	review	17369029011	Grocery & Gourmet Food/Snacks & Sweets/Candy & Chocolate/Wagashi/Yatsuhashi	Grocery & Gourmet Food	Snacks & Sweets	Candy & Chocolate	Wagashi	36160405	グルメ・食品/野菜・きのこ/その他野菜/エシャロット	グルメ・食品	野菜・きのこ	0.508			
229	review	17382009011	Health & Household/Vitamins, Minerals & Supplements/Essential Fatty Acids/Black Seed Oil	Health & Household	Vitamins, Minerals & Supplements	Essential Fatty Acids	Black Seed Oil	42020201	ダイエット・健康/サプリメント/スポーツ/その他スポーツ	ダイエット・健康	サプリメント	0.427			
230	review	17419390011	Health & Household/Household Supplies/Cleaning Tools/Scouring Pads & Sticks	Health & Household	Household Supplies	Cleaning Tools	Scouring Pads & Sticks	42020201	ダイエット・健康/サプリメント/スポーツ/その他スポーツ	ダイエット・健康	サプリメント	0.407			
231	review	21233678011	Health & Household/Medical Supplies & Equipment/Cloth Face Masks & Accessories/Cloth Face Masks	Health & Household	Medical Supplies & Equipment	Cloth Face Masks & Accessories	Cloth Face Masks	42020201	ダイエット・健康/サプリメント/スポーツ/その他スポーツ	ダイエット・健康	サプリメント	0.400			
232	review	21233680011	Health & Household/Medical Supplies & Equipment/Cloth Face Masks & Accessories/Strap Extenders	Health & Household	Medical Supplies & Equipment	Cloth Face Masks & Accessories	Strap Extenders	42020201	ダイエット・健康/サプリメント/スポーツ/その他スポーツ	ダイエット・健康	サプリメント	0.403			
233	review	21401513011	Grocery & Gourmet Food/Baby Foods/Beverages/Electrolyte Drinks	Grocery & Gourmet Food	Baby Foods	Beverages	Electrolyte Drinks	36160409	グルメ・食品/野菜・きのこ/その他野菜/セロリ	グルメ・食品	野菜・きのこ	0.566			
234	review	21579650011	Health & Household/Household Supplies/Air Fresheners/Charcoal Bags	Health & Household	Household Supplies	Air Fresheners	Charcoal Bags	42020201	ダイエット・健康/サプリメント/スポーツ/その他スポーツ	ダイエット・健康	サプリメント	0.432			
235	review	23466510011	Sports & Outdoors/Sports/Triathlon/Skinsuits & Wetsuits/Women/Skinsuits	Sports & Outdoors	Sports	Triathlon	Skinsuits & Wetsuits	40200901	スポーツ・アウトドア/サッカー・フットサル/サッカー用品/その他サッカー用品	スポーツ・アウトドア	サッカー・フットサル	0.441			
236	review	23634188011	Grocery & Gourmet Food/Snacks & Sweets/Candy & Chocolate/Wagashi/Brown Sugar Candy	Grocery & Gourmet Food	Snacks & Sweets	Candy & Chocolate	Wagashi	36160414	グルメ・食品/野菜・きのこ/その他野菜/ルッコラ	グルメ・食品	野菜・きのこ	0.485			
237	review	23656501011	Grocery & Gourmet Food/Pantry Staples/Cooking & Baking/Baking Syrups, Sugars & Sweeteners/Sugars/Brown Sugar/Panela	Grocery & Gourmet Food	Pantry Staples	Cooking & Baking	Baking Syrups, Sugars & Sweeteners	360401	グルメ・食品/パン・ジャム・シリアル/その他パン・ジャム・シリアル	グルメ・食品	パン・ジャム・シリアル	0.428			
238	review	23675627011	Health & Household/Vitamins, Minerals & Supplements/Herbal Supplements/Fruit Extracts	Health & Household	Vitamins, Minerals & Supplements	Herbal Supplements	Fruit Extracts	42020201	ダイエット・健康/サプリメント/スポーツ/その他スポーツ	ダイエット・健康	サプリメント	0.438			
239	review	23777906011	Health & Household/Vitamins, Minerals & Supplements/Herbal Supplements/Holy Basil	Health & Household	Vitamins, Minerals & Supplements	Herbal Supplements	Holy Basil	42020201	ダイエット・健康/サプリメント/スポーツ/その他スポーツ	ダイエット・健康	サプリメント	0.452			
240	review	23777908011	Health & Household/Vitamins, Minerals & Supplements/Herbal Supplements/Gymnema Sylvestre	Health & Household	Vitamins, Minerals & Supplements	Herbal Supplements	Gymnema Sylvestre	42020201	ダイエット・健康/サプリメント/スポーツ/その他スポーツ	ダイエット・健康	サプリメント	0.427			
241	review	23777912011	Health & Household/Vitamins, Minerals & Supplements/Herbal Supplements/Andrographis Paniculata	Health & Household	Vitamins, Minerals & Supplements	Herbal Supplements	Andrographis Paniculata	42020201	ダイエット・健康/サプリメント/スポーツ/その他スポーツ	ダイエット・健康	サプリメント	0.409			
242	review	23777915011	Health & Household/Vitamins, Minerals & Supplements/Herbal Supplements/Shankh Bhasma	Health & Household	Vitamins, Minerals & Supplements	Herbal Supplements	Shankh Bhasma	42020201	ダイエット・健康/サプリメント/スポーツ/その他スポーツ	ダイエット・健康	サプリメント	0.441			
243	review	23777920011	Health & Household/Vitamins, Minerals & Supplements/Herbal Supplements/Gotu Kola	Health & Household	Vitamins, Minerals & Supplements	Herbal Supplements	Gotu Kola	42020201	ダイエット・健康/サプリメント/スポーツ/その他スポーツ	ダイエット・健康	サプリメント	0.455			
244	review	23777922011	Health & Household/Vitamins, Minerals & Supplements/Herbal Supplements/Mucuna Pruriens	Health & Household	Vitamins, Minerals & Supplements	Herbal Supplements	Mucuna Pruriens	42020201	ダイエット・健康/サプリメント/スポーツ/その他スポーツ	ダイエット・健康	サプリメント	0.434			
245	review	23777923011	Health & Household/Vitamins, Minerals & Supplements/Herbal Supplements/Papaya Leaf	Health & Household	Vitamins, Minerals & Supplements	Herbal Supplements	Papaya Leaf	42020201	ダイエット・健康/サプリメント/スポーツ/その他スポーツ	ダイエット・健康	サプリメント	0.448			
246	review	23777924011	Health & Household/Vitamins, Minerals & Supplements/Herbal Supplements/Boswellia Serrata	Health & Household	Vitamins, Minerals & Supplements	Herbal Supplements	Boswellia Serrata	42020201	ダイエット・健康/サプリメント/スポーツ/その他スポーツ	ダイエット・健康	サプリメント	0.427			
247	review	23777929011	Health & Household/Vitamins, Minerals & Supplements/Herbal Supplements/Cissus Quadrangularis	Health & Household	Vitamins, Minerals & Supplements	Herbal Supplements	Cissus Quadrangularis	42020201	ダイエット・健康/サプリメント/スポーツ/その他スポーツ	ダイエット・健康	サプリメント	0.415			
248	review	23777930011	Health & Household/Vitamins, Minerals & Supplements/Herbal Supplements/Shuddha Guggulu	Health & Household	Vitamins, Minerals & Supplements	Herbal Supplements	Shuddha Guggulu	42020201	ダイエット・健康/サプリメント/スポーツ/その他スポーツ	ダイエット・健康	サプリメント	0.434			
249	review	23777932011	Health & Household/Vitamins, Minerals & Supplements/Herbal Supplements/Bacopa Monnieri	Health & Household	Vitamins, Minerals & Supplements	Herbal Supplements	Bacopa Monnieri	42020201	ダイエット・健康/サプリメント/スポーツ/その他スポーツ	ダイエット・健康	サプリメント	0.434			
250	review	23853646011	Grocery & Gourmet Food/Beverages/Tea/Fruit & Herbal Tea/Fruit Tea	Grocery & Gourmet Food	Beverages	Tea	Fruit & Herbal Tea	360506	グルメ・食品/フルーツ・果物/その他フルーツ・果物	グルメ・食品	フルーツ・果物	0.579			
251	review	78964086011	Grocery & Gourmet Food/Beverages/Infusion Mixers for Alcohol & Spirits	Grocery & Gourmet Food	Beverages	Infusion Mixers for Alcohol & Spirits		360506	グルメ・食品/フルーツ・果物/その他フルーツ・果物	グルメ・食品	フルーツ・果物	0.522			
252	review	86348682011	Grocery & Gourmet Food/Pantry Staples/Cooking & Baking/Baking Mixes/Dessert Bars	Grocery & Gourmet Food	Pantry Staples	Cooking & Baking	Baking Mixes	360401	グルメ・食品/パン・ジャム・シリアル/その他パン・ジャム・シリアル	グルメ・食品	パン・ジャム・シリアル	0.540			
253	review	120783453011	Grocery & Gourmet Food/Pantry Staples/Cooking & Baking/Cooking Oils, Vinegars & Sprays/Oils/Flower & Vegetable Oils/Palm	Grocery & Gourmet Food	Pantry Staples	Cooking & Baking	Cooking Oils, Vinegars & Sprays	360401	グルメ・食品/パン・ジャム・シリアル/その他パン・ジャム・シリアル	グルメ・食品	パン・ジャム・シリアル	0.439			
254	review_l2	196601011	Toys & Games/Baby & Toddler Toys	Toys & Games	Baby & Toddler Toys			290401	おもちゃ・趣味/その他趣味/その他	おもちゃ・趣味	その他趣味	0.444			
255	review_l2	2255571011	Grocery & Gourmet Food/Food & Beverage Gifts	Grocery & Gourmet Food	Food & Beverage Gifts			3601	グルメ・食品/その他グルメ・食品	グルメ・食品	その他グルメ・食品	0.649			
